customerId,firstName,lastName,email,city,state,country,zipcode
1001,John,Smith,john.smith1001@example.com,New York,New York,USA,10001
1002,Emma,Johnson,emma.johnson1002@example.com,Los Angeles,California,USA,90001
1003,Michael,Williams,michael.williams1003@example.com,Chicago,Illinois,USA,60601
1004,Olivia,Brown,olivia.brown1004@example.com,Houston,Texas,USA,77001
1005,James,Jones,james.jones1005@example.com,Phoenix,Arizona,USA,85001
1006,Sophia,Davis,sophia.davis1006@example.com,Philadelphia,Pennsylvania,USA,19101
1007,William,Miller,william.miller1007@example.com,San Antonio,Texas,USA,78201
1008,Ava,Wilson,ava.wilson1008@example.com,San Diego,California,USA,92101
1009,Benjamin,Moore,benjamin.moore1009@example.com,Dallas,Texas,USA,75201
1010,Isabella,Taylor,isabella.taylor1010@example.com,San Jose,California,USA,95101
1011,Daniel,Anderson,daniel.anderson1011@example.com,Austin,Texas,USA,73301
1012,Mia,Thomas,mia.thomas1012@example.com,Seattle,Washington,USA,98101
1013,Henry,Jackson,henry.jackson1013@example.com,Denver,Colorado,USA,80201
1014,Charlotte,White,charlotte.white1014@example.com,Boston,Massachusetts,USA,2108
1015,Alexander,Harris,alexander.harris1015@example.com,Atlanta,Georgia,USA,30301
1016,Amelia,Martin,amelia.martin1016@example.com,Miami,Florida,USA,33101
1017,Matthew,Thompson,matthew.thompson1017@example.com,Portland,Oregon,USA,97201
1018,Harper,Garcia,harper.garcia1018@example.com,Las Vegas,Nevada,USA,89101
1019,David,Martinez,david.martinez1019@example.com,Detroit,Michigan,USA,48201
1020,Evelyn,Robinson,evelyn.robinson1020@example.com,Minneapolis,Minnesota,USA,55401
1021,Joseph,Clark,joseph.clark1021@example.com,New York,New York,USA,10002
1022,Abigail,Rodriguez,abigail.rodriguez1022@example.com,Los Angeles,California,USA,90002
1023,Samuel,Lewis,samuel.lewis1023@example.com,Chicago,Illinois,USA,60602
1024,Emily,Lee,emily.lee1024@example.com,Houston,Texas,USA,77002
1025,Christopher,Walker,christopher.walker1025@example.com,Phoenix,Arizona,USA,85002
1026,Elizabeth,Hall,elizabeth.hall1026@example.com,Philadelphia,Pennsylvania,USA,19102
1027,Andrew,Allen,andrew.allen1027@example.com,San Antonio,Texas,USA,78202
1028,Sofia,Young,sofia.young1028@example.com,San Diego,California,USA,92102
1029,Joshua,Hernandez,joshua.hernandez1029@example.com,Dallas,Texas,USA,75202
1030,Victoria,King,victoria.king1030@example.com,San Jose,California,USA,95102
1031,Joseph,Edwards,joseph.edwards1031@example.com,Austin,Texas,USA,73302
1032,Grace,Green,grace.green1032@example.com,Seattle,Washington,USA,98102
1033,Ryan,Adams,ryan.adams1033@example.com,Denver,Colorado,USA,80202
1034,Chloe,Nelson,chloe.nelson1034@example.com,Boston,Massachusetts,USA,2109
1035,Nathan,Baker,nathan.baker1035@example.com,Atlanta,Georgia,USA,30302
1036,Camila,Hall,camila.hall1036@example.com,Miami,Florida,USA,33102
1037,Jacob,Rivera,jacob.rivera1037@example.com,Portland,Oregon,USA,97202
1038,Lily,Campbell,lily.campbell1038@example.com,Las Vegas,Nevada,USA,89102
1039,Logan,Mitchell,logan.mitchell1039@example.com,Detroit,Michigan,USA,48202
1040,Aria,Carter,aria.carter1040@example.com,Minneapolis,Minnesota,USA,55402
1041,John,Smith,john.smith1041@example.com,New York,New York,USA,10003
1042,Emma,Johnson,emma.johnson1042@example.com,Los Angeles,California,USA,90003
1043,Michael,Williams,michael.williams1043@example.com,Chicago,Illinois,USA,60603
1044,Olivia,Brown,olivia.brown1044@example.com,Houston,Texas,USA,77003
1045,James,Jones,james.jones1045@example.com,Phoenix,Arizona,USA,85003
1046,Sophia,Davis,sophia.davis1046@example.com,Philadelphia,Pennsylvania,USA,19103
1047,William,Miller,william.miller1047@example.com,San Antonio,Texas,USA,78203
1048,Ava,Wilson,ava.wilson1048@example.com,San Diego,California,USA,92103
1049,Benjamin,Moore,benjamin.moore1049@example.com,Dallas,Texas,USA,75203
1050,Isabella,Taylor,isabella.taylor1050@example.com,San Jose,California,USA,95103
1051,Daniel,Anderson,daniel.anderson1051@example.com,Austin,Texas,USA,73303
1052,Mia,Thomas,mia.thomas1052@example.com,Seattle,Washington,USA,98103
1053,Henry,Jackson,henry.jackson1053@example.com,Denver,Colorado,USA,80203
1054,Charlotte,White,charlotte.white1054@example.com,Boston,Massachusetts,USA,2110
1055,Alexander,Harris,alexander.harris1055@example.com,Atlanta,Georgia,USA,30303
1056,Amelia,Martin,amelia.martin1056@example.com,Miami,Florida,USA,33103
1057,Matthew,Thompson,matthew.thompson1057@example.com,Portland,Oregon,USA,97203
1058,Harper,Garcia,harper.garcia1058@example.com,Las Vegas,Nevada,USA,89103
1059,David,Martinez,david.martinez1059@example.com,Detroit,Michigan,USA,48203
1060,Evelyn,Robinson,evelyn.robinson1060@example.com,Minneapolis,Minnesota,USA,55403
1061,Joseph,Clark,joseph.clark1061@example.com,New York,New York,USA,10004
1062,Abigail,Rodriguez,abigail.rodriguez1062@example.com,Los Angeles,California,USA,90004
1063,Samuel,Lewis,samuel.lewis1063@example.com,Chicago,Illinois,USA,60604
1064,Emily,Lee,emily.lee1064@example.com,Houston,Texas,USA,77004
1065,Christopher,Walker,christopher.walker1065@example.com,Phoenix,Arizona,USA,85004
1066,Elizabeth,Hall,elizabeth.hall1066@example.com,Philadelphia,Pennsylvania,USA,19104
1067,Andrew,Allen,andrew.allen1067@example.com,San Antonio,Texas,USA,78204
1068,Sofia,Young,sofia.young1068@example.com,San Diego,California,USA,92104
1069,Joshua,Hernandez,joshua.hernandez1069@example.com,Dallas,Texas,USA,75204
1070,Victoria,King,victoria.king1070@example.com,San Jose,California,USA,95104
1071,Joseph,Edwards,joseph.edwards1071@example.com,Austin,Texas,USA,73304
1072,Grace,Green,grace.green1072@example.com,Seattle,Washington,USA,98104
1073,Ryan,Adams,ryan.adams1073@example.com,Denver,Colorado,USA,80204
1074,Chloe,Nelson,chloe.nelson1074@example.com,Boston,Massachusetts,USA,2111
1075,Nathan,Baker,nathan.baker1075@example.com,Atlanta,Georgia,USA,30304
1076,Camila,Hall,camila.hall1076@example.com,Miami,Florida,USA,33104
1077,Jacob,Rivera,jacob.rivera1077@example.com,Portland,Oregon,USA,97204
1078,Lily,Campbell,lily.campbell1078@example.com,Las Vegas,Nevada,USA,89104
1079,Logan,Mitchell,logan.mitchell1079@example.com,Detroit,Michigan,USA,48204
1080,Aria,Carter,aria.carter1080@example.com,Minneapolis,Minnesota,USA,55404
1081,John,Smith,john.smith1081@example.com,New York,New York,USA,10005
1082,Emma,Johnson,emma.johnson1082@example.com,Los Angeles,California,USA,90005
1083,Michael,Williams,michael.williams1083@example.com,Chicago,Illinois,USA,60605
1084,Olivia,Brown,olivia.brown1084@example.com,Houston,Texas,USA,77005
1085,James,Jones,james.jones1085@example.com,Phoenix,Arizona,USA,85005
1086,Sophia,Davis,sophia.davis1086@example.com,Philadelphia,Pennsylvania,USA,19105
1087,William,Miller,william.miller1087@example.com,San Antonio,Texas,USA,78205
1088,Ava,Wilson,ava.wilson1088@example.com,San Diego,California,USA,92105
1089,Benjamin,Moore,benjamin.moore1089@example.com,Dallas,Texas,USA,75205
1090,Isabella,Taylor,isabella.taylor1090@example.com,San Jose,California,USA,95105
1091,Daniel,Anderson,daniel.anderson1091@example.com,Austin,Texas,USA,73305
1092,Mia,Thomas,mia.thomas1092@example.com,Seattle,Washington,USA,98105
1093,Henry,Jackson,henry.jackson1093@example.com,Denver,Colorado,USA,80205
1094,Charlotte,White,charlotte.white1094@example.com,Boston,Massachusetts,USA,2112
1095,Alexander,Harris,alexander.harris1095@example.com,Atlanta,Georgia,USA,30305
1096,Amelia,Martin,amelia.martin1096@example.com,Miami,Florida,USA,33105
1097,Matthew,Thompson,matthew.thompson1097@example.com,Portland,Oregon,USA,97205
1098,Harper,Garcia,harper.garcia1098@example.com,Las Vegas,Nevada,USA,89105
1099,David,Martinez,david.martinez1099@example.com,Detroit,Michigan,USA,48205
1100,Evelyn,Robinson,evelyn.robinson1100@example.com,Minneapolis,Minnesota,USA,55405
1101,Joseph,Clark,joseph.clark1101@example.com,New York,New York,USA,10006
1102,Abigail,Rodriguez,abigail.rodriguez1102@example.com,Los Angeles,California,USA,90006
1103,Samuel,Lewis,samuel.lewis1103@example.com,Chicago,Illinois,USA,60606
1104,Emily,Lee,emily.lee1104@example.com,Houston,Texas,USA,77006
1105,Christopher,Walker,christopher.walker1105@example.com,Phoenix,Arizona,USA,85006
1106,Elizabeth,Hall,elizabeth.hall1106@example.com,Philadelphia,Pennsylvania,USA,19106
1107,Andrew,Allen,andrew.allen1107@example.com,San Antonio,Texas,USA,78206
1108,Sofia,Young,sofia.young1108@example.com,San Diego,California,USA,92106
1109,Joshua,Hernandez,joshua.hernandez1109@example.com,Dallas,Texas,USA,75206
1110,Victoria,King,victoria.king1110@example.com,San Jose,California,USA,95106
1111,Joseph,Edwards,joseph.edwards1111@example.com,Austin,Texas,USA,73306
1112,Grace,Green,grace.green1112@example.com,Seattle,Washington,USA,98106
1113,Ryan,Adams,ryan.adams1113@example.com,Denver,Colorado,USA,80206
1114,Chloe,Nelson,chloe.nelson1114@example.com,Boston,Massachusetts,USA,2113
1115,Nathan,Baker,nathan.baker1115@example.com,Atlanta,Georgia,USA,30306
1116,Camila,Hall,camila.hall1116@example.com,Miami,Florida,USA,33106
1117,Jacob,Rivera,jacob.rivera1117@example.com,Portland,Oregon,USA,97206
1118,Lily,Campbell,lily.campbell1118@example.com,Las Vegas,Nevada,USA,89106
1119,Logan,Mitchell,logan.mitchell1119@example.com,Detroit,Michigan,USA,48206
1120,Aria,Carter,aria.carter1120@example.com,Minneapolis,Minnesota,USA,55406
1121,John,Smith,john.smith1121@example.com,New York,New York,USA,10007
1122,Emma,Johnson,emma.johnson1122@example.com,Los Angeles,California,USA,90007
1123,Michael,Williams,michael.williams1123@example.com,Chicago,Illinois,USA,60607
1124,Olivia,Brown,olivia.brown1124@example.com,Houston,Texas,USA,77007
1125,James,Jones,james.jones1125@example.com,Phoenix,Arizona,USA,85007
1126,Sophia,Davis,sophia.davis1126@example.com,Philadelphia,Pennsylvania,USA,19107
1127,William,Miller,william.miller1127@example.com,San Antonio,Texas,USA,78207
1128,Ava,Wilson,ava.wilson1128@example.com,San Diego,California,USA,92107
1129,Benjamin,Moore,benjamin.moore1129@example.com,Dallas,Texas,USA,75207
1130,Isabella,Taylor,isabella.taylor1130@example.com,San Jose,California,USA,95107
1131,Daniel,Anderson,daniel.anderson1131@example.com,Austin,Texas,USA,73307
1132,Mia,Thomas,mia.thomas1132@example.com,Seattle,Washington,USA,98107
1133,Henry,Jackson,henry.jackson1133@example.com,Denver,Colorado,USA,80207
1134,Charlotte,White,charlotte.white1134@example.com,Boston,Massachusetts,USA,2114
1135,Alexander,Harris,alexander.harris1135@example.com,Atlanta,Georgia,USA,30307
1136,Amelia,Martin,amelia.martin1136@example.com,Miami,Florida,USA,33107
1137,Matthew,Thompson,matthew.thompson1137@example.com,Portland,Oregon,USA,97207
1138,Harper,Garcia,harper.garcia1138@example.com,Las Vegas,Nevada,USA,89107
1139,David,Martinez,david.martinez1139@example.com,Detroit,Michigan,USA,48207
1140,Evelyn,Robinson,evelyn.robinson1140@example.com,Minneapolis,Minnesota,USA,55407
1141,Joseph,Clark,joseph.clark1141@example.com,New York,New York,USA,10008
1142,Abigail,Rodriguez,abigail.rodriguez1142@example.com,Los Angeles,California,USA,90008
1143,Samuel,Lewis,samuel.lewis1143@example.com,Chicago,Illinois,USA,60608
1144,Emily,Lee,emily.lee1144@example.com,Houston,Texas,USA,77008
1145,Christopher,Walker,christopher.walker1145@example.com,Phoenix,Arizona,USA,85008
1146,Elizabeth,Hall,elizabeth.hall1146@example.com,Philadelphia,Pennsylvania,USA,19108
1147,Andrew,Allen,andrew.allen1147@example.com,San Antonio,Texas,USA,78208
1148,Sofia,Young,sofia.young1148@example.com,San Diego,California,USA,92108
1149,Joshua,Hernandez,joshua.hernandez1149@example.com,Dallas,Texas,USA,75208
1150,Victoria,King,victoria.king1150@example.com,San Jose,California,USA,95108
1151,Joseph,Edwards,joseph.edwards1151@example.com,Austin,Texas,USA,73308
1152,Grace,Green,grace.green1152@example.com,Seattle,Washington,USA,98108
1153,Ryan,Adams,ryan.adams1153@example.com,Denver,Colorado,USA,80208
1154,Chloe,Nelson,chloe.nelson1154@example.com,Boston,Massachusetts,USA,2115
1155,Nathan,Baker,nathan.baker1155@example.com,Atlanta,Georgia,USA,30308
1156,Camila,Hall,camila.hall1156@example.com,Miami,Florida,USA,33108
1157,Jacob,Rivera,jacob.rivera1157@example.com,Portland,Oregon,USA,97208
1158,Lily,Campbell,lily.campbell1158@example.com,Las Vegas,Nevada,USA,89108
1159,Logan,Mitchell,logan.mitchell1159@example.com,Detroit,Michigan,USA,48208
1160,Aria,Carter,aria.carter1160@example.com,Minneapolis,Minnesota,USA,55408
1161,John,Smith,john.smith1161@example.com,New York,New York,USA,10009
1162,Emma,Johnson,emma.johnson1162@example.com,Los Angeles,California,USA,90009
1163,Michael,Williams,michael.williams1163@example.com,Chicago,Illinois,USA,60609
1164,Olivia,Brown,olivia.brown1164@example.com,Houston,Texas,USA,77009
1165,James,Jones,james.jones1165@example.com,Phoenix,Arizona,USA,85009
1166,Sophia,Davis,sophia.davis1166@example.com,Philadelphia,Pennsylvania,USA,19109
1167,William,Miller,william.miller1167@example.com,San Antonio,Texas,USA,78209
1168,Ava,Wilson,ava.wilson1168@example.com,San Diego,California,USA,92109
1169,Benjamin,Moore,benjamin.moore1169@example.com,Dallas,Texas,USA,75209
1170,Isabella,Taylor,isabella.taylor1170@example.com,San Jose,California,USA,95109
1171,Daniel,Anderson,daniel.anderson1171@example.com,Austin,Texas,USA,73309
1172,Mia,Thomas,mia.thomas1172@example.com,Seattle,Washington,USA,98109
1173,Henry,Jackson,henry.jackson1173@example.com,Denver,Colorado,USA,80209
1174,Charlotte,White,charlotte.white1174@example.com,Boston,Massachusetts,USA,2116
1175,Alexander,Harris,alexander.harris1175@example.com,Atlanta,Georgia,USA,30309
1176,Amelia,Martin,amelia.martin1176@example.com,Miami,Florida,USA,33109
1177,Matthew,Thompson,matthew.thompson1177@example.com,Portland,Oregon,USA,97209
1178,Harper,Garcia,harper.garcia1178@example.com,Las Vegas,Nevada,USA,89109
1179,David,Martinez,david.martinez1179@example.com,Detroit,Michigan,USA,48209
1180,Evelyn,Robinson,evelyn.robinson1180@example.com,Minneapolis,Minnesota,USA,55409
1181,Joseph,Clark,joseph.clark1181@example.com,New York,New York,USA,10010
1182,Abigail,Rodriguez,abigail.rodriguez1182@example.com,Los Angeles,California,USA,90010
1183,Samuel,Lewis,samuel.lewis1183@example.com,Chicago,Illinois,USA,60610
1184,Emily,Lee,emily.lee1184@example.com,Houston,Texas,USA,77010
1185,Christopher,Walker,christopher.walker1185@example.com,Phoenix,Arizona,USA,85010
1186,Elizabeth,Hall,elizabeth.hall1186@example.com,Philadelphia,Pennsylvania,USA,19110
1187,Andrew,Allen,andrew.allen1187@example.com,San Antonio,Texas,USA,78210
1188,Sofia,Young,sofia.young1188@example.com,San Diego,California,USA,92110
1189,Joshua,Hernandez,joshua.hernandez1189@example.com,Dallas,Texas,USA,75210
1190,Victoria,King,victoria.king1190@example.com,San Jose,California,USA,95110
1191,Joseph,Edwards,joseph.edwards1191@example.com,Austin,Texas,USA,73310
1192,Grace,Green,grace.green1192@example.com,Seattle,Washington,USA,98110
1193,Ryan,Adams,ryan.adams1193@example.com,Denver,Colorado,USA,80210
1194,Chloe,Nelson,chloe.nelson1194@example.com,Boston,Massachusetts,USA,2117
1195,Nathan,Baker,nathan.baker1195@example.com,Atlanta,Georgia,USA,30310
1196,Camila,Hall,camila.hall1196@example.com,Miami,Florida,USA,33110
1197,Jacob,Rivera,jacob.rivera1197@example.com,Portland,Oregon,USA,97210
1198,Lily,Campbell,lily.campbell1198@example.com,Las Vegas,Nevada,USA,89110
1199,Logan,Mitchell,logan.mitchell1199@example.com,Detroit,Michigan,USA,48210
1200,Aria,Carter,aria.carter1200@example.com,Minneapolis,Minnesota,USA,55410
1201,John,Smith,john.smith1201@example.com,New York,New York,USA,10011
1202,Emma,Johnson,emma.johnson1202@example.com,Los Angeles,California,USA,90011
1203,Michael,Williams,michael.williams1203@example.com,Chicago,Illinois,USA,60611
1204,Olivia,Brown,olivia.brown1204@example.com,Houston,Texas,USA,77011
1205,James,Jones,james.jones1205@example.com,Phoenix,Arizona,USA,85011
1206,Sophia,Davis,sophia.davis1206@example.com,Philadelphia,Pennsylvania,USA,19111
1207,William,Miller,william.miller1207@example.com,San Antonio,Texas,USA,78211
1208,Ava,Wilson,ava.wilson1208@example.com,San Diego,California,USA,92111
1209,Benjamin,Moore,benjamin.moore1209@example.com,Dallas,Texas,USA,75211
1210,Isabella,Taylor,isabella.taylor1210@example.com,San Jose,California,USA,95111
1211,Daniel,Anderson,daniel.anderson1211@example.com,Austin,Texas,USA,73311
1212,Mia,Thomas,mia.thomas1212@example.com,Seattle,Washington,USA,98111
1213,Henry,Jackson,henry.jackson1213@example.com,Denver,Colorado,USA,80211
1214,Charlotte,White,charlotte.white1214@example.com,Boston,Massachusetts,USA,2118
1215,Alexander,Harris,alexander.harris1215@example.com,Atlanta,Georgia,USA,30311
1216,Amelia,Martin,amelia.martin1216@example.com,Miami,Florida,USA,33111
1217,Matthew,Thompson,matthew.thompson1217@example.com,Portland,Oregon,USA,97211
1218,Harper,Garcia,harper.garcia1218@example.com,Las Vegas,Nevada,USA,89111
1219,David,Martinez,david.martinez1219@example.com,Detroit,Michigan,USA,48211
1220,Evelyn,Robinson,evelyn.robinson1220@example.com,Minneapolis,Minnesota,USA,55411
1221,Joseph,Clark,joseph.clark1221@example.com,New York,New York,USA,10012
1222,Abigail,Rodriguez,abigail.rodriguez1222@example.com,Los Angeles,California,USA,90012
1223,Samuel,Lewis,samuel.lewis1223@example.com,Chicago,Illinois,USA,60612
1224,Emily,Lee,emily.lee1224@example.com,Houston,Texas,USA,77012
1225,Christopher,Walker,christopher.walker1225@example.com,Phoenix,Arizona,USA,85012
1226,Elizabeth,Hall,elizabeth.hall1226@example.com,Philadelphia,Pennsylvania,USA,19112
1227,Andrew,Allen,andrew.allen1227@example.com,San Antonio,Texas,USA,78212
1228,Sofia,Young,sofia.young1228@example.com,San Diego,California,USA,92112
1229,Joshua,Hernandez,joshua.hernandez1229@example.com,Dallas,Texas,USA,75212
1230,Victoria,King,victoria.king1230@example.com,San Jose,California,USA,95112
1231,Joseph,Edwards,joseph.edwards1231@example.com,Austin,Texas,USA,73312
1232,Grace,Green,grace.green1232@example.com,Seattle,Washington,USA,98112
1233,Ryan,Adams,ryan.adams1233@example.com,Denver,Colorado,USA,80212
1234,Chloe,Nelson,chloe.nelson1234@example.com,Boston,Massachusetts,USA,2119
1235,Nathan,Baker,nathan.baker1235@example.com,Atlanta,Georgia,USA,30312
1236,Camila,Hall,camila.hall1236@example.com,Miami,Florida,USA,33112
1237,Jacob,Rivera,jacob.rivera1237@example.com,Portland,Oregon,USA,97212
1238,Lily,Campbell,lily.campbell1238@example.com,Las Vegas,Nevada,USA,89112
1239,Logan,Mitchell,logan.mitchell1239@example.com,Detroit,Michigan,USA,48212
1240,Aria,Carter,aria.carter1240@example.com,Minneapolis,Minnesota,USA,55412
1241,John,Smith,john.smith1241@example.com,New York,New York,USA,10013
1242,Emma,Johnson,emma.johnson1242@example.com,Los Angeles,California,USA,90013
1243,Michael,Williams,michael.williams1243@example.com,Chicago,Illinois,USA,60613
1244,Olivia,Brown,olivia.brown1244@example.com,Houston,Texas,USA,77013
1245,James,Jones,james.jones1245@example.com,Phoenix,Arizona,USA,85013
1246,Sophia,Davis,sophia.davis1246@example.com,Philadelphia,Pennsylvania,USA,19113
1247,William,Miller,william.miller1247@example.com,San Antonio,Texas,USA,78213
1248,Ava,Wilson,ava.wilson1248@example.com,San Diego,California,USA,92113
1249,Benjamin,Moore,benjamin.moore1249@example.com,Dallas,Texas,USA,75213
1250,Isabella,Taylor,isabella.taylor1250@example.com,San Jose,California,USA,95113
1251,Daniel,Anderson,daniel.anderson1251@example.com,Austin,Texas,USA,73313
1252,Mia,Thomas,mia.thomas1252@example.com,Seattle,Washington,USA,98113
1253,Henry,Jackson,henry.jackson1253@example.com,Denver,Colorado,USA,80213
1254,Charlotte,White,charlotte.white1254@example.com,Boston,Massachusetts,USA,2120
1255,Alexander,Harris,alexander.harris1255@example.com,Atlanta,Georgia,USA,30313
1256,Amelia,Martin,amelia.martin1256@example.com,Miami,Florida,USA,33113
1257,Matthew,Thompson,matthew.thompson1257@example.com,Portland,Oregon,USA,97213
1258,Harper,Garcia,harper.garcia1258@example.com,Las Vegas,Nevada,USA,89113
1259,David,Martinez,david.martinez1259@example.com,Detroit,Michigan,USA,48213
1260,Evelyn,Robinson,evelyn.robinson1260@example.com,Minneapolis,Minnesota,USA,55413
1261,Joseph,Clark,joseph.clark1261@example.com,New York,New York,USA,10014
1262,Abigail,Rodriguez,abigail.rodriguez1262@example.com,Los Angeles,California,USA,90014
1263,Samuel,Lewis,samuel.lewis1263@example.com,Chicago,Illinois,USA,60614
1264,Emily,Lee,emily.lee1264@example.com,Houston,Texas,USA,77014
1265,Christopher,Walker,christopher.walker1265@example.com,Phoenix,Arizona,USA,85014
1266,Elizabeth,Hall,elizabeth.hall1266@example.com,Philadelphia,Pennsylvania,USA,19114
1267,Andrew,Allen,andrew.allen1267@example.com,San Antonio,Texas,USA,78214
1268,Sofia,Young,sofia.young1268@example.com,San Diego,California,USA,92114
1269,Joshua,Hernandez,joshua.hernandez1269@example.com,Dallas,Texas,USA,75214
1270,Victoria,King,victoria.king1270@example.com,San Jose,California,USA,95114
1271,Joseph,Edwards,joseph.edwards1271@example.com,Austin,Texas,USA,73314
1272,Grace,Green,grace.green1272@example.com,Seattle,Washington,USA,98114
1273,Ryan,Adams,ryan.adams1273@example.com,Denver,Colorado,USA,80214
1274,Chloe,Nelson,chloe.nelson1274@example.com,Boston,Massachusetts,USA,2121
1275,Nathan,Baker,nathan.baker1275@example.com,Atlanta,Georgia,USA,30314
1276,Camila,Hall,camila.hall1276@example.com,Miami,Florida,USA,33114
1277,Jacob,Rivera,jacob.rivera1277@example.com,Portland,Oregon,USA,97214
1278,Lily,Campbell,lily.campbell1278@example.com,Las Vegas,Nevada,USA,89114
1279,Logan,Mitchell,logan.mitchell1279@example.com,Detroit,Michigan,USA,48214
1280,Aria,Carter,aria.carter1280@example.com,Minneapolis,Minnesota,USA,55414
1281,John,Smith,john.smith1281@example.com,New York,New York,USA,10015
1282,Emma,Johnson,emma.johnson1282@example.com,Los Angeles,California,USA,90015
1283,Michael,Williams,michael.williams1283@example.com,Chicago,Illinois,USA,60615
1284,Olivia,Brown,olivia.brown1284@example.com,Houston,Texas,USA,77015
1285,James,Jones,james.jones1285@example.com,Phoenix,Arizona,USA,85015
1286,Sophia,Davis,sophia.davis1286@example.com,Philadelphia,Pennsylvania,USA,19115
1287,William,Miller,william.miller1287@example.com,San Antonio,Texas,USA,78215
1288,Ava,Wilson,ava.wilson1288@example.com,San Diego,California,USA,92115
1289,Benjamin,Moore,benjamin.moore1289@example.com,Dallas,Texas,USA,75215
1290,Isabella,Taylor,isabella.taylor1290@example.com,San Jose,California,USA,95115
1291,Daniel,Anderson,daniel.anderson1291@example.com,Austin,Texas,USA,73315
1292,Mia,Thomas,mia.thomas1292@example.com,Seattle,Washington,USA,98115
1293,Henry,Jackson,henry.jackson1293@example.com,Denver,Colorado,USA,80215
1294,Charlotte,White,charlotte.white1294@example.com,Boston,Massachusetts,USA,2122
1295,Alexander,Harris,alexander.harris1295@example.com,Atlanta,Georgia,USA,30315
1296,Amelia,Martin,amelia.martin1296@example.com,Miami,Florida,USA,33115
1297,Matthew,Thompson,matthew.thompson1297@example.com,Portland,Oregon,USA,97215
1298,Harper,Garcia,harper.garcia1298@example.com,Las Vegas,Nevada,USA,89115
1299,David,Martinez,david.martinez1299@example.com,Detroit,Michigan,USA,48215
1300,Evelyn,Robinson,evelyn.robinson1300@example.com,Minneapolis,Minnesota,USA,55415
1301,Joseph,Clark,joseph.clark1301@example.com,New York,New York,USA,10016
1302,Abigail,Rodriguez,abigail.rodriguez1302@example.com,Los Angeles,California,USA,90016
1303,Samuel,Lewis,samuel.lewis1303@example.com,Chicago,Illinois,USA,60616
1304,Emily,Lee,emily.lee1304@example.com,Houston,Texas,USA,77016
1305,Christopher,Walker,christopher.walker1305@example.com,Phoenix,Arizona,USA,85016
1306,Elizabeth,Hall,elizabeth.hall1306@example.com,Philadelphia,Pennsylvania,USA,19116
1307,Andrew,Allen,andrew.allen1307@example.com,San Antonio,Texas,USA,78216
1308,Sofia,Young,sofia.young1308@example.com,San Diego,California,USA,92116
1309,Joshua,Hernandez,joshua.hernandez1309@example.com,Dallas,Texas,USA,75216
1310,Victoria,King,victoria.king1310@example.com,San Jose,California,USA,95116
1311,Joseph,Edwards,joseph.edwards1311@example.com,Austin,Texas,USA,73316
1312,Grace,Green,grace.green1312@example.com,Seattle,Washington,USA,98116
1313,Ryan,Adams,ryan.adams1313@example.com,Denver,Colorado,USA,80216
1314,Chloe,Nelson,chloe.nelson1314@example.com,Boston,Massachusetts,USA,2123
1315,Nathan,Baker,nathan.baker1315@example.com,Atlanta,Georgia,USA,30316
1316,Camila,Hall,camila.hall1316@example.com,Miami,Florida,USA,33116
1317,Jacob,Rivera,jacob.rivera1317@example.com,Portland,Oregon,USA,97216
1318,Lily,Campbell,lily.campbell1318@example.com,Las Vegas,Nevada,USA,89116
1319,Logan,Mitchell,logan.mitchell1319@example.com,Detroit,Michigan,USA,48216
1320,Aria,Carter,aria.carter1320@example.com,Minneapolis,Minnesota,USA,55416
1321,John,Smith,john.smith1321@example.com,New York,New York,USA,10017
1322,Emma,Johnson,emma.johnson1322@example.com,Los Angeles,California,USA,90017
1323,Michael,Williams,michael.williams1323@example.com,Chicago,Illinois,USA,60617
1324,Olivia,Brown,olivia.brown1324@example.com,Houston,Texas,USA,77017
1325,James,Jones,james.jones1325@example.com,Phoenix,Arizona,USA,85017
1326,Sophia,Davis,sophia.davis1326@example.com,Philadelphia,Pennsylvania,USA,19117
1327,William,Miller,william.miller1327@example.com,San Antonio,Texas,USA,78217
1328,Ava,Wilson,ava.wilson1328@example.com,San Diego,California,USA,92117
1329,Benjamin,Moore,benjamin.moore1329@example.com,Dallas,Texas,USA,75217
1330,Isabella,Taylor,isabella.taylor1330@example.com,San Jose,California,USA,95117
1331,Daniel,Anderson,daniel.anderson1331@example.com,Austin,Texas,USA,73317
1332,Mia,Thomas,mia.thomas1332@example.com,Seattle,Washington,USA,98117
1333,Henry,Jackson,henry.jackson1333@example.com,Denver,Colorado,USA,80217
1334,Charlotte,White,charlotte.white1334@example.com,Boston,Massachusetts,USA,2124
1335,Alexander,Harris,alexander.harris1335@example.com,Atlanta,Georgia,USA,30317
1336,Amelia,Martin,amelia.martin1336@example.com,Miami,Florida,USA,33117
1337,Matthew,Thompson,matthew.thompson1337@example.com,Portland,Oregon,USA,97217
1338,Harper,Garcia,harper.garcia1338@example.com,Las Vegas,Nevada,USA,89117
1339,David,Martinez,david.martinez1339@example.com,Detroit,Michigan,USA,48217
1340,Evelyn,Robinson,evelyn.robinson1340@example.com,Minneapolis,Minnesota,USA,55417
1341,Joseph,Clark,joseph.clark1341@example.com,New York,New York,USA,10018
1342,Abigail,Rodriguez,abigail.rodriguez1342@example.com,Los Angeles,California,USA,90018
1343,Samuel,Lewis,samuel.lewis1343@example.com,Chicago,Illinois,USA,60618
1344,Emily,Lee,emily.lee1344@example.com,Houston,Texas,USA,77018
1345,Christopher,Walker,christopher.walker1345@example.com,Phoenix,Arizona,USA,85018
1346,Elizabeth,Hall,elizabeth.hall1346@example.com,Philadelphia,Pennsylvania,USA,19118
1347,Andrew,Allen,andrew.allen1347@example.com,San Antonio,Texas,USA,78218
1348,Sofia,Young,sofia.young1348@example.com,San Diego,California,USA,92118
1349,Joshua,Hernandez,joshua.hernandez1349@example.com,Dallas,Texas,USA,75218
1350,Victoria,King,victoria.king1350@example.com,San Jose,California,USA,95118
1351,Joseph,Edwards,joseph.edwards1351@example.com,Austin,Texas,USA,73318
1352,Grace,Green,grace.green1352@example.com,Seattle,Washington,USA,98118
1353,Ryan,Adams,ryan.adams1353@example.com,Denver,Colorado,USA,80218
1354,Chloe,Nelson,chloe.nelson1354@example.com,Boston,Massachusetts,USA,2125
1355,Nathan,Baker,nathan.baker1355@example.com,Atlanta,Georgia,USA,30318
1356,Camila,Hall,camila.hall1356@example.com,Miami,Florida,USA,33118
1357,Jacob,Rivera,jacob.rivera1357@example.com,Portland,Oregon,USA,97218
1358,Lily,Campbell,lily.campbell1358@example.com,Las Vegas,Nevada,USA,89118
1359,Logan,Mitchell,logan.mitchell1359@example.com,Detroit,Michigan,USA,48218
1360,Aria,Carter,aria.carter1360@example.com,Minneapolis,Minnesota,USA,55418
1361,John,Smith,john.smith1361@example.com,New York,New York,USA,10019
1362,Emma,Johnson,emma.johnson1362@example.com,Los Angeles,California,USA,90019
1363,Michael,Williams,michael.williams1363@example.com,Chicago,Illinois,USA,60619
1364,Olivia,Brown,olivia.brown1364@example.com,Houston,Texas,USA,77019
1365,James,Jones,james.jones1365@example.com,Phoenix,Arizona,USA,85019
1366,Sophia,Davis,sophia.davis1366@example.com,Philadelphia,Pennsylvania,USA,19119
1367,William,Miller,william.miller1367@example.com,San Antonio,Texas,USA,78219
1368,Ava,Wilson,ava.wilson1368@example.com,San Diego,California,USA,92119
1369,Benjamin,Moore,benjamin.moore1369@example.com,Dallas,Texas,USA,75219
1370,Isabella,Taylor,isabella.taylor1370@example.com,San Jose,California,USA,95119
1371,Daniel,Anderson,daniel.anderson1371@example.com,Austin,Texas,USA,73319
1372,Mia,Thomas,mia.thomas1372@example.com,Seattle,Washington,USA,98119
1373,Henry,Jackson,henry.jackson1373@example.com,Denver,Colorado,USA,80219
1374,Charlotte,White,charlotte.white1374@example.com,Boston,Massachusetts,USA,2126
1375,Alexander,Harris,alexander.harris1375@example.com,Atlanta,Georgia,USA,30319
1376,Amelia,Martin,amelia.martin1376@example.com,Miami,Florida,USA,33119
1377,Matthew,Thompson,matthew.thompson1377@example.com,Portland,Oregon,USA,97219
1378,Harper,Garcia,harper.garcia1378@example.com,Las Vegas,Nevada,USA,89119
1379,David,Martinez,david.martinez1379@example.com,Detroit,Michigan,USA,48219
1380,Evelyn,Robinson,evelyn.robinson1380@example.com,Minneapolis,Minnesota,USA,55419
1381,Joseph,Clark,joseph.clark1381@example.com,New York,New York,USA,10020
1382,Abigail,Rodriguez,abigail.rodriguez1382@example.com,Los Angeles,California,USA,90020
1383,Samuel,Lewis,samuel.lewis1383@example.com,Chicago,Illinois,USA,60620
1384,Emily,Lee,emily.lee1384@example.com,Houston,Texas,USA,77020
1385,Christopher,Walker,christopher.walker1385@example.com,Phoenix,Arizona,USA,85020
1386,Elizabeth,Hall,elizabeth.hall1386@example.com,Philadelphia,Pennsylvania,USA,19120
1387,Andrew,Allen,andrew.allen1387@example.com,San Antonio,Texas,USA,78220
1388,Sofia,Young,sofia.young1388@example.com,San Diego,California,USA,92120
1389,Joshua,Hernandez,joshua.hernandez1389@example.com,Dallas,Texas,USA,75220
1390,Victoria,King,victoria.king1390@example.com,San Jose,California,USA,95120
1391,Joseph,Edwards,joseph.edwards1391@example.com,Austin,Texas,USA,73320
1392,Grace,Green,grace.green1392@example.com,Seattle,Washington,USA,98120
1393,Ryan,Adams,ryan.adams1393@example.com,Denver,Colorado,USA,80220
1394,Chloe,Nelson,chloe.nelson1394@example.com,Boston,Massachusetts,USA,2127
1395,Nathan,Baker,nathan.baker1395@example.com,Atlanta,Georgia,USA,30320
1396,Camila,Hall,camila.hall1396@example.com,Miami,Florida,USA,33120
1397,Jacob,Rivera,jacob.rivera1397@example.com,Portland,Oregon,USA,97220
1398,Lily,Campbell,lily.campbell1398@example.com,Las Vegas,Nevada,USA,89120
1399,Logan,Mitchell,logan.mitchell1399@example.com,Detroit,Michigan,USA,48220
1400,Aria,Carter,aria.carter1400@example.com,Minneapolis,Minnesota,USA,55420
1401,John,Smith,john.smith1401@example.com,New York,New York,USA,10021
1402,Emma,Johnson,emma.johnson1402@example.com,Los Angeles,California,USA,90021
1403,Michael,Williams,michael.williams1403@example.com,Chicago,Illinois,USA,60621
1404,Olivia,Brown,olivia.brown1404@example.com,Houston,Texas,USA,77021
1405,James,Jones,james.jones1405@example.com,Phoenix,Arizona,USA,85021
1406,Sophia,Davis,sophia.davis1406@example.com,Philadelphia,Pennsylvania,USA,19121
1407,William,Miller,william.miller1407@example.com,San Antonio,Texas,USA,78221
1408,Ava,Wilson,ava.wilson1408@example.com,San Diego,California,USA,92121
1409,Benjamin,Moore,benjamin.moore1409@example.com,Dallas,Texas,USA,75221
1410,Isabella,Taylor,isabella.taylor1410@example.com,San Jose,California,USA,95121
1411,Daniel,Anderson,daniel.anderson1411@example.com,Austin,Texas,USA,73321
1412,Mia,Thomas,mia.thomas1412@example.com,Seattle,Washington,USA,98121
1413,Henry,Jackson,henry.jackson1413@example.com,Denver,Colorado,USA,80221
1414,Charlotte,White,charlotte.white1414@example.com,Boston,Massachusetts,USA,2128
1415,Alexander,Harris,alexander.harris1415@example.com,Atlanta,Georgia,USA,30321
1416,Amelia,Martin,amelia.martin1416@example.com,Miami,Florida,USA,33121
1417,Matthew,Thompson,matthew.thompson1417@example.com,Portland,Oregon,USA,97221
1418,Harper,Garcia,harper.garcia1418@example.com,Las Vegas,Nevada,USA,89121
1419,David,Martinez,david.martinez1419@example.com,Detroit,Michigan,USA,48221
1420,Evelyn,Robinson,evelyn.robinson1420@example.com,Minneapolis,Minnesota,USA,55421
1421,Joseph,Clark,joseph.clark1421@example.com,New York,New York,USA,10022
1422,Abigail,Rodriguez,abigail.rodriguez1422@example.com,Los Angeles,California,USA,90022
1423,Samuel,Lewis,samuel.lewis1423@example.com,Chicago,Illinois,USA,60622
1424,Emily,Lee,emily.lee1424@example.com,Houston,Texas,USA,77022
1425,Christopher,Walker,christopher.walker1425@example.com,Phoenix,Arizona,USA,85022
1426,Elizabeth,Hall,elizabeth.hall1426@example.com,Philadelphia,Pennsylvania,USA,19122
1427,Andrew,Allen,andrew.allen1427@example.com,San Antonio,Texas,USA,78222
1428,Sofia,Young,sofia.young1428@example.com,San Diego,California,USA,92122
1429,Joshua,Hernandez,joshua.hernandez1429@example.com,Dallas,Texas,USA,75222
1430,Victoria,King,victoria.king1430@example.com,San Jose,California,USA,95122
1431,Joseph,Edwards,joseph.edwards1431@example.com,Austin,Texas,USA,73322
1432,Grace,Green,grace.green1432@example.com,Seattle,Washington,USA,98122
1433,Ryan,Adams,ryan.adams1433@example.com,Denver,Colorado,USA,80222
1434,Chloe,Nelson,chloe.nelson1434@example.com,Boston,Massachusetts,USA,2129
1435,Nathan,Baker,nathan.baker1435@example.com,Atlanta,Georgia,USA,30322
1436,Camila,Hall,camila.hall1436@example.com,Miami,Florida,USA,33122
1437,Jacob,Rivera,jacob.rivera1437@example.com,Portland,Oregon,USA,97222
1438,Lily,Campbell,lily.campbell1438@example.com,Las Vegas,Nevada,USA,89122
1439,Logan,Mitchell,logan.mitchell1439@example.com,Detroit,Michigan,USA,48222
1440,Aria,Carter,aria.carter1440@example.com,Minneapolis,Minnesota,USA,55422
1441,John,Smith,john.smith1441@example.com,New York,New York,USA,10023
1442,Emma,Johnson,emma.johnson1442@example.com,Los Angeles,California,USA,90023
1443,Michael,Williams,michael.williams1443@example.com,Chicago,Illinois,USA,60623
1444,Olivia,Brown,olivia.brown1444@example.com,Houston,Texas,USA,77023
1445,James,Jones,james.jones1445@example.com,Phoenix,Arizona,USA,85023
1446,Sophia,Davis,sophia.davis1446@example.com,Philadelphia,Pennsylvania,USA,19123
1447,William,Miller,william.miller1447@example.com,San Antonio,Texas,USA,78223
1448,Ava,Wilson,ava.wilson1448@example.com,San Diego,California,USA,92123
1449,Benjamin,Moore,benjamin.moore1449@example.com,Dallas,Texas,USA,75223
1450,Isabella,Taylor,isabella.taylor1450@example.com,San Jose,California,USA,95123
1451,Daniel,Anderson,daniel.anderson1451@example.com,Austin,Texas,USA,73323
1452,Mia,Thomas,mia.thomas1452@example.com,Seattle,Washington,USA,98123
1453,Henry,Jackson,henry.jackson1453@example.com,Denver,Colorado,USA,80223
1454,Charlotte,White,charlotte.white1454@example.com,Boston,Massachusetts,USA,2130
1455,Alexander,Harris,alexander.harris1455@example.com,Atlanta,Georgia,USA,30323
1456,Amelia,Martin,amelia.martin1456@example.com,Miami,Florida,USA,33123
1457,Matthew,Thompson,matthew.thompson1457@example.com,Portland,Oregon,USA,97223
1458,Harper,Garcia,harper.garcia1458@example.com,Las Vegas,Nevada,USA,89123
1459,David,Martinez,david.martinez1459@example.com,Detroit,Michigan,USA,48223
1460,Evelyn,Robinson,evelyn.robinson1460@example.com,Minneapolis,Minnesota,USA,55423
1461,Joseph,Clark,joseph.clark1461@example.com,New York,New York,USA,10024
1462,Abigail,Rodriguez,abigail.rodriguez1462@example.com,Los Angeles,California,USA,90024
1463,Samuel,Lewis,samuel.lewis1463@example.com,Chicago,Illinois,USA,60624
1464,Emily,Lee,emily.lee1464@example.com,Houston,Texas,USA,77024
1465,Christopher,Walker,christopher.walker1465@example.com,Phoenix,Arizona,USA,85024
1466,Elizabeth,Hall,elizabeth.hall1466@example.com,Philadelphia,Pennsylvania,USA,19124
1467,Andrew,Allen,andrew.allen1467@example.com,San Antonio,Texas,USA,78224
1468,Sofia,Young,sofia.young1468@example.com,San Diego,California,USA,92124
1469,Joshua,Hernandez,joshua.hernandez1469@example.com,Dallas,Texas,USA,75224
1470,Victoria,King,victoria.king1470@example.com,San Jose,California,USA,95124
1471,Joseph,Edwards,joseph.edwards1471@example.com,Austin,Texas,USA,73324
1472,Grace,Green,grace.green1472@example.com,Seattle,Washington,USA,98124
1473,Ryan,Adams,ryan.adams1473@example.com,Denver,Colorado,USA,80224
1474,Chloe,Nelson,chloe.nelson1474@example.com,Boston,Massachusetts,USA,2131
1475,Nathan,Baker,nathan.baker1475@example.com,Atlanta,Georgia,USA,30324
1476,Camila,Hall,camila.hall1476@example.com,Miami,Florida,USA,33124
1477,Jacob,Rivera,jacob.rivera1477@example.com,Portland,Oregon,USA,97224
1478,Lily,Campbell,lily.campbell1478@example.com,Las Vegas,Nevada,USA,89124
1479,Logan,Mitchell,logan.mitchell1479@example.com,Detroit,Michigan,USA,48224
1480,Aria,Carter,aria.carter1480@example.com,Minneapolis,Minnesota,USA,55424
1481,John,Smith,john.smith1481@example.com,New York,New York,USA,10025
1482,Emma,Johnson,emma.johnson1482@example.com,Los Angeles,California,USA,90025
1483,Michael,Williams,michael.williams1483@example.com,Chicago,Illinois,USA,60625
1484,Olivia,Brown,olivia.brown1484@example.com,Houston,Texas,USA,77025
1485,James,Jones,james.jones1485@example.com,Phoenix,Arizona,USA,85025
1486,Sophia,Davis,sophia.davis1486@example.com,Philadelphia,Pennsylvania,USA,19125
1487,William,Miller,william.miller1487@example.com,San Antonio,Texas,USA,78225
1488,Ava,Wilson,ava.wilson1488@example.com,San Diego,California,USA,92125
1489,Benjamin,Moore,benjamin.moore1489@example.com,Dallas,Texas,USA,75225
1490,Isabella,Taylor,isabella.taylor1490@example.com,San Jose,California,USA,95125
1491,Daniel,Anderson,daniel.anderson1491@example.com,Austin,Texas,USA,73325
1492,Mia,Thomas,mia.thomas1492@example.com,Seattle,Washington,USA,98125
1493,Henry,Jackson,henry.jackson1493@example.com,Denver,Colorado,USA,80225
1494,Charlotte,White,charlotte.white1494@example.com,Boston,Massachusetts,USA,2132
1495,Alexander,Harris,alexander.harris1495@example.com,Atlanta,Georgia,USA,30325
1496,Amelia,Martin,amelia.martin1496@example.com,Miami,Florida,USA,33125
1497,Matthew,Thompson,matthew.thompson1497@example.com,Portland,Oregon,USA,97225
1498,Harper,Garcia,harper.garcia1498@example.com,Las Vegas,Nevada,USA,89125
1499,David,Martinez,david.martinez1499@example.com,Detroit,Michigan,USA,48225
1500,Evelyn,Robinson,evelyn.robinson1500@example.com,Minneapolis,Minnesota,USA,55425
1501,Joseph,Clark,joseph.clark1501@example.com,New York,New York,USA,10026
1502,Abigail,Rodriguez,abigail.rodriguez1502@example.com,Los Angeles,California,USA,90026
1503,Samuel,Lewis,samuel.lewis1503@example.com,Chicago,Illinois,USA,60626
1504,Emily,Lee,emily.lee1504@example.com,Houston,Texas,USA,77026
1505,Christopher,Walker,christopher.walker1505@example.com,Phoenix,Arizona,USA,85026
1506,Elizabeth,Hall,elizabeth.hall1506@example.com,Philadelphia,Pennsylvania,USA,19126
1507,Andrew,Allen,andrew.allen1507@example.com,San Antonio,Texas,USA,78226
1508,Sofia,Young,sofia.young1508@example.com,San Diego,California,USA,92126
1509,Joshua,Hernandez,joshua.hernandez1509@example.com,Dallas,Texas,USA,75226
1510,Victoria,King,victoria.king1510@example.com,San Jose,California,USA,95126
1511,Joseph,Edwards,joseph.edwards1511@example.com,Austin,Texas,USA,73326
1512,Grace,Green,grace.green1512@example.com,Seattle,Washington,USA,98126
1513,Ryan,Adams,ryan.adams1513@example.com,Denver,Colorado,USA,80226
1514,Chloe,Nelson,chloe.nelson1514@example.com,Boston,Massachusetts,USA,2133
1515,Nathan,Baker,nathan.baker1515@example.com,Atlanta,Georgia,USA,30326
1516,Camila,Hall,camila.hall1516@example.com,Miami,Florida,USA,33126
1517,Jacob,Rivera,jacob.rivera1517@example.com,Portland,Oregon,USA,97226
1518,Lily,Campbell,lily.campbell1518@example.com,Las Vegas,Nevada,USA,89126
1519,Logan,Mitchell,logan.mitchell1519@example.com,Detroit,Michigan,USA,48226
1520,Aria,Carter,aria.carter1520@example.com,Minneapolis,Minnesota,USA,55426
1521,John,Smith,john.smith1521@example.com,New York,New York,USA,10027
1522,Emma,Johnson,emma.johnson1522@example.com,Los Angeles,California,USA,90027
1523,Michael,Williams,michael.williams1523@example.com,Chicago,Illinois,USA,60627
1524,Olivia,Brown,olivia.brown1524@example.com,Houston,Texas,USA,77027
1525,James,Jones,james.jones1525@example.com,Phoenix,Arizona,USA,85027
1526,Sophia,Davis,sophia.davis1526@example.com,Philadelphia,Pennsylvania,USA,19127
1527,William,Miller,william.miller1527@example.com,San Antonio,Texas,USA,78227
1528,Ava,Wilson,ava.wilson1528@example.com,San Diego,California,USA,92127
1529,Benjamin,Moore,benjamin.moore1529@example.com,Dallas,Texas,USA,75227
1530,Isabella,Taylor,isabella.taylor1530@example.com,San Jose,California,USA,95127
1531,Daniel,Anderson,daniel.anderson1531@example.com,Austin,Texas,USA,73327
1532,Mia,Thomas,mia.thomas1532@example.com,Seattle,Washington,USA,98127
1533,Henry,Jackson,henry.jackson1533@example.com,Denver,Colorado,USA,80227
1534,Charlotte,White,charlotte.white1534@example.com,Boston,Massachusetts,USA,2134
1535,Alexander,Harris,alexander.harris1535@example.com,Atlanta,Georgia,USA,30327
1536,Amelia,Martin,amelia.martin1536@example.com,Miami,Florida,USA,33127
1537,Matthew,Thompson,matthew.thompson1537@example.com,Portland,Oregon,USA,97227
1538,Harper,Garcia,harper.garcia1538@example.com,Las Vegas,Nevada,USA,89127
1539,David,Martinez,david.martinez1539@example.com,Detroit,Michigan,USA,48227
1540,Evelyn,Robinson,evelyn.robinson1540@example.com,Minneapolis,Minnesota,USA,55427
1541,Joseph,Clark,joseph.clark1541@example.com,New York,New York,USA,10028
1542,Abigail,Rodriguez,abigail.rodriguez1542@example.com,Los Angeles,California,USA,90028
1543,Samuel,Lewis,samuel.lewis1543@example.com,Chicago,Illinois,USA,60628
1544,Emily,Lee,emily.lee1544@example.com,Houston,Texas,USA,77028
1545,Christopher,Walker,christopher.walker1545@example.com,Phoenix,Arizona,USA,85028
1546,Elizabeth,Hall,elizabeth.hall1546@example.com,Philadelphia,Pennsylvania,USA,19128
1547,Andrew,Allen,andrew.allen1547@example.com,San Antonio,Texas,USA,78228
1548,Sofia,Young,sofia.young1548@example.com,San Diego,California,USA,92128
1549,Joshua,Hernandez,joshua.hernandez1549@example.com,Dallas,Texas,USA,75228
1550,Victoria,King,victoria.king1550@example.com,San Jose,California,USA,95128
1551,Joseph,Edwards,joseph.edwards1551@example.com,Austin,Texas,USA,73328
1552,Grace,Green,grace.green1552@example.com,Seattle,Washington,USA,98128
1553,Ryan,Adams,ryan.adams1553@example.com,Denver,Colorado,USA,80228
1554,Chloe,Nelson,chloe.nelson1554@example.com,Boston,Massachusetts,USA,2135
1555,Nathan,Baker,nathan.baker1555@example.com,Atlanta,Georgia,USA,30328
1556,Camila,Hall,camila.hall1556@example.com,Miami,Florida,USA,33128
1557,Jacob,Rivera,jacob.rivera1557@example.com,Portland,Oregon,USA,97228
1558,Lily,Campbell,lily.campbell1558@example.com,Las Vegas,Nevada,USA,89128
1559,Logan,Mitchell,logan.mitchell1559@example.com,Detroit,Michigan,USA,48228
1560,Aria,Carter,aria.carter1560@example.com,Minneapolis,Minnesota,USA,55428
1561,John,Smith,john.smith1561@example.com,New York,New York,USA,10029
1562,Emma,Johnson,emma.johnson1562@example.com,Los Angeles,California,USA,90029
1563,Michael,Williams,michael.williams1563@example.com,Chicago,Illinois,USA,60629
1564,Olivia,Brown,olivia.brown1564@example.com,Houston,Texas,USA,77029
1565,James,Jones,james.jones1565@example.com,Phoenix,Arizona,USA,85029
1566,Sophia,Davis,sophia.davis1566@example.com,Philadelphia,Pennsylvania,USA,19129
1567,William,Miller,william.miller1567@example.com,San Antonio,Texas,USA,78229
1568,Ava,Wilson,ava.wilson1568@example.com,San Diego,California,USA,92129
1569,Benjamin,Moore,benjamin.moore1569@example.com,Dallas,Texas,USA,75229
1570,Isabella,Taylor,isabella.taylor1570@example.com,San Jose,California,USA,95129
1571,Daniel,Anderson,daniel.anderson1571@example.com,Austin,Texas,USA,73329
1572,Mia,Thomas,mia.thomas1572@example.com,Seattle,Washington,USA,98129
1573,Henry,Jackson,henry.jackson1573@example.com,Denver,Colorado,USA,80229
1574,Charlotte,White,charlotte.white1574@example.com,Boston,Massachusetts,USA,2136
1575,Alexander,Harris,alexander.harris1575@example.com,Atlanta,Georgia,USA,30329
1576,Amelia,Martin,amelia.martin1576@example.com,Miami,Florida,USA,33129
1577,Matthew,Thompson,matthew.thompson1577@example.com,Portland,Oregon,USA,97229
1578,Harper,Garcia,harper.garcia1578@example.com,Las Vegas,Nevada,USA,89129
1579,David,Martinez,david.martinez1579@example.com,Detroit,Michigan,USA,48229
1580,Evelyn,Robinson,evelyn.robinson1580@example.com,Minneapolis,Minnesota,USA,55429
1581,Joseph,Clark,joseph.clark1581@example.com,New York,New York,USA,10030
1582,Abigail,Rodriguez,abigail.rodriguez1582@example.com,Los Angeles,California,USA,90030
1583,Samuel,Lewis,samuel.lewis1583@example.com,Chicago,Illinois,USA,60630
1584,Emily,Lee,emily.lee1584@example.com,Houston,Texas,USA,77030
1585,Christopher,Walker,christopher.walker1585@example.com,Phoenix,Arizona,USA,85030
1586,Elizabeth,Hall,elizabeth.hall1586@example.com,Philadelphia,Pennsylvania,USA,19130
1587,Andrew,Allen,andrew.allen1587@example.com,San Antonio,Texas,USA,78230
1588,Sofia,Young,sofia.young1588@example.com,San Diego,California,USA,92130
1589,Joshua,Hernandez,joshua.hernandez1589@example.com,Dallas,Texas,USA,75230
1590,Victoria,King,victoria.king1590@example.com,San Jose,California,USA,95130
1591,Joseph,Edwards,joseph.edwards1591@example.com,Austin,Texas,USA,73330
1592,Grace,Green,grace.green1592@example.com,Seattle,Washington,USA,98130
1593,Ryan,Adams,ryan.adams1593@example.com,Denver,Colorado,USA,80230
1594,Chloe,Nelson,chloe.nelson1594@example.com,Boston,Massachusetts,USA,2137
1595,Nathan,Baker,nathan.baker1595@example.com,Atlanta,Georgia,USA,30330
1596,Camila,Hall,camila.hall1596@example.com,Miami,Florida,USA,33130
1597,Jacob,Rivera,jacob.rivera1597@example.com,Portland,Oregon,USA,97230
1598,Lily,Campbell,lily.campbell1598@example.com,Las Vegas,Nevada,USA,89130
1599,Logan,Mitchell,logan.mitchell1599@example.com,Detroit,Michigan,USA,48230
1600,Aria,Carter,aria.carter1600@example.com,Minneapolis,Minnesota,USA,55430
1601,John,Smith,john.smith1601@example.com,New York,New York,USA,10031
1602,Emma,Johnson,emma.johnson1602@example.com,Los Angeles,California,USA,90031
1603,Michael,Williams,michael.williams1603@example.com,Chicago,Illinois,USA,60631
1604,Olivia,Brown,olivia.brown1604@example.com,Houston,Texas,USA,77031
1605,James,Jones,james.jones1605@example.com,Phoenix,Arizona,USA,85031
1606,Sophia,Davis,sophia.davis1606@example.com,Philadelphia,Pennsylvania,USA,19131
1607,William,Miller,william.miller1607@example.com,San Antonio,Texas,USA,78231
1608,Ava,Wilson,ava.wilson1608@example.com,San Diego,California,USA,92131
1609,Benjamin,Moore,benjamin.moore1609@example.com,Dallas,Texas,USA,75231
1610,Isabella,Taylor,isabella.taylor1610@example.com,San Jose,California,USA,95131
1611,Daniel,Anderson,daniel.anderson1611@example.com,Austin,Texas,USA,73331
1612,Mia,Thomas,mia.thomas1612@example.com,Seattle,Washington,USA,98131
1613,Henry,Jackson,henry.jackson1613@example.com,Denver,Colorado,USA,80231
1614,Charlotte,White,charlotte.white1614@example.com,Boston,Massachusetts,USA,2138
1615,Alexander,Harris,alexander.harris1615@example.com,Atlanta,Georgia,USA,30331
1616,Amelia,Martin,amelia.martin1616@example.com,Miami,Florida,USA,33131
1617,Matthew,Thompson,matthew.thompson1617@example.com,Portland,Oregon,USA,97231
1618,Harper,Garcia,harper.garcia1618@example.com,Las Vegas,Nevada,USA,89131
1619,David,Martinez,david.martinez1619@example.com,Detroit,Michigan,USA,48231
1620,Evelyn,Robinson,evelyn.robinson1620@example.com,Minneapolis,Minnesota,USA,55431
1621,Joseph,Clark,joseph.clark1621@example.com,New York,New York,USA,10032
1622,Abigail,Rodriguez,abigail.rodriguez1622@example.com,Los Angeles,California,USA,90032
1623,Samuel,Lewis,samuel.lewis1623@example.com,Chicago,Illinois,USA,60632
1624,Emily,Lee,emily.lee1624@example.com,Houston,Texas,USA,77032
1625,Christopher,Walker,christopher.walker1625@example.com,Phoenix,Arizona,USA,85032
1626,Elizabeth,Hall,elizabeth.hall1626@example.com,Philadelphia,Pennsylvania,USA,19132
1627,Andrew,Allen,andrew.allen1627@example.com,San Antonio,Texas,USA,78232
1628,Sofia,Young,sofia.young1628@example.com,San Diego,California,USA,92132
1629,Joshua,Hernandez,joshua.hernandez1629@example.com,Dallas,Texas,USA,75232
1630,Victoria,King,victoria.king1630@example.com,San Jose,California,USA,95132
1631,Joseph,Edwards,joseph.edwards1631@example.com,Austin,Texas,USA,73332
1632,Grace,Green,grace.green1632@example.com,Seattle,Washington,USA,98132
1633,Ryan,Adams,ryan.adams1633@example.com,Denver,Colorado,USA,80232
1634,Chloe,Nelson,chloe.nelson1634@example.com,Boston,Massachusetts,USA,2139
1635,Nathan,Baker,nathan.baker1635@example.com,Atlanta,Georgia,USA,30332
1636,Camila,Hall,camila.hall1636@example.com,Miami,Florida,USA,33132
1637,Jacob,Rivera,jacob.rivera1637@example.com,Portland,Oregon,USA,97232
1638,Lily,Campbell,lily.campbell1638@example.com,Las Vegas,Nevada,USA,89132
1639,Logan,Mitchell,logan.mitchell1639@example.com,Detroit,Michigan,USA,48232
1640,Aria,Carter,aria.carter1640@example.com,Minneapolis,Minnesota,USA,55432
1641,John,Smith,john.smith1641@example.com,New York,New York,USA,10033
1642,Emma,Johnson,emma.johnson1642@example.com,Los Angeles,California,USA,90033
1643,Michael,Williams,michael.williams1643@example.com,Chicago,Illinois,USA,60633
1644,Olivia,Brown,olivia.brown1644@example.com,Houston,Texas,USA,77033
1645,James,Jones,james.jones1645@example.com,Phoenix,Arizona,USA,85033
1646,Sophia,Davis,sophia.davis1646@example.com,Philadelphia,Pennsylvania,USA,19133
1647,William,Miller,william.miller1647@example.com,San Antonio,Texas,USA,78233
1648,Ava,Wilson,ava.wilson1648@example.com,San Diego,California,USA,92133
1649,Benjamin,Moore,benjamin.moore1649@example.com,Dallas,Texas,USA,75233
1650,Isabella,Taylor,isabella.taylor1650@example.com,San Jose,California,USA,95133
1651,Daniel,Anderson,daniel.anderson1651@example.com,Austin,Texas,USA,73333
1652,Mia,Thomas,mia.thomas1652@example.com,Seattle,Washington,USA,98133
1653,Henry,Jackson,henry.jackson1653@example.com,Denver,Colorado,USA,80233
1654,Charlotte,White,charlotte.white1654@example.com,Boston,Massachusetts,USA,2140
1655,Alexander,Harris,alexander.harris1655@example.com,Atlanta,Georgia,USA,30333
1656,Amelia,Martin,amelia.martin1656@example.com,Miami,Florida,USA,33133
1657,Matthew,Thompson,matthew.thompson1657@example.com,Portland,Oregon,USA,97233
1658,Harper,Garcia,harper.garcia1658@example.com,Las Vegas,Nevada,USA,89133
1659,David,Martinez,david.martinez1659@example.com,Detroit,Michigan,USA,48233
1660,Evelyn,Robinson,evelyn.robinson1660@example.com,Minneapolis,Minnesota,USA,55433
1661,Joseph,Clark,joseph.clark1661@example.com,New York,New York,USA,10034
1662,Abigail,Rodriguez,abigail.rodriguez1662@example.com,Los Angeles,California,USA,90034
1663,Samuel,Lewis,samuel.lewis1663@example.com,Chicago,Illinois,USA,60634
1664,Emily,Lee,emily.lee1664@example.com,Houston,Texas,USA,77034
1665,Christopher,Walker,christopher.walker1665@example.com,Phoenix,Arizona,USA,85034
1666,Elizabeth,Hall,elizabeth.hall1666@example.com,Philadelphia,Pennsylvania,USA,19134
1667,Andrew,Allen,andrew.allen1667@example.com,San Antonio,Texas,USA,78234
1668,Sofia,Young,sofia.young1668@example.com,San Diego,California,USA,92134
1669,Joshua,Hernandez,joshua.hernandez1669@example.com,Dallas,Texas,USA,75234
1670,Victoria,King,victoria.king1670@example.com,San Jose,California,USA,95134
1671,Joseph,Edwards,joseph.edwards1671@example.com,Austin,Texas,USA,73334
1672,Grace,Green,grace.green1672@example.com,Seattle,Washington,USA,98134
1673,Ryan,Adams,ryan.adams1673@example.com,Denver,Colorado,USA,80234
1674,Chloe,Nelson,chloe.nelson1674@example.com,Boston,Massachusetts,USA,2141
1675,Nathan,Baker,nathan.baker1675@example.com,Atlanta,Georgia,USA,30334
1676,Camila,Hall,camila.hall1676@example.com,Miami,Florida,USA,33134
1677,Jacob,Rivera,jacob.rivera1677@example.com,Portland,Oregon,USA,97234
1678,Lily,Campbell,lily.campbell1678@example.com,Las Vegas,Nevada,USA,89134
1679,Logan,Mitchell,logan.mitchell1679@example.com,Detroit,Michigan,USA,48234
1680,Aria,Carter,aria.carter1680@example.com,Minneapolis,Minnesota,USA,55434
1681,John,Smith,john.smith1681@example.com,New York,New York,USA,10035
1682,Emma,Johnson,emma.johnson1682@example.com,Los Angeles,California,USA,90035
1683,Michael,Williams,michael.williams1683@example.com,Chicago,Illinois,USA,60635
1684,Olivia,Brown,olivia.brown1684@example.com,Houston,Texas,USA,77035
1685,James,Jones,james.jones1685@example.com,Phoenix,Arizona,USA,85035
1686,Sophia,Davis,sophia.davis1686@example.com,Philadelphia,Pennsylvania,USA,19135
1687,William,Miller,william.miller1687@example.com,San Antonio,Texas,USA,78235
1688,Ava,Wilson,ava.wilson1688@example.com,San Diego,California,USA,92135
1689,Benjamin,Moore,benjamin.moore1689@example.com,Dallas,Texas,USA,75235
1690,Isabella,Taylor,isabella.taylor1690@example.com,San Jose,California,USA,95135
1691,Daniel,Anderson,daniel.anderson1691@example.com,Austin,Texas,USA,73335
1692,Mia,Thomas,mia.thomas1692@example.com,Seattle,Washington,USA,98135
1693,Henry,Jackson,henry.jackson1693@example.com,Denver,Colorado,USA,80235
1694,Charlotte,White,charlotte.white1694@example.com,Boston,Massachusetts,USA,2142
1695,Alexander,Harris,alexander.harris1695@example.com,Atlanta,Georgia,USA,30335
1696,Amelia,Martin,amelia.martin1696@example.com,Miami,Florida,USA,33135
1697,Matthew,Thompson,matthew.thompson1697@example.com,Portland,Oregon,USA,97235
1698,Harper,Garcia,harper.garcia1698@example.com,Las Vegas,Nevada,USA,89135
1699,David,Martinez,david.martinez1699@example.com,Detroit,Michigan,USA,48235
1700,Evelyn,Robinson,evelyn.robinson1700@example.com,Minneapolis,Minnesota,USA,55435
1701,Joseph,Clark,joseph.clark1701@example.com,New York,New York,USA,10036
1702,Abigail,Rodriguez,abigail.rodriguez1702@example.com,Los Angeles,California,USA,90036
1703,Samuel,Lewis,samuel.lewis1703@example.com,Chicago,Illinois,USA,60636
1704,Emily,Lee,emily.lee1704@example.com,Houston,Texas,USA,77036
1705,Christopher,Walker,christopher.walker1705@example.com,Phoenix,Arizona,USA,85036
1706,Elizabeth,Hall,elizabeth.hall1706@example.com,Philadelphia,Pennsylvania,USA,19136
1707,Andrew,Allen,andrew.allen1707@example.com,San Antonio,Texas,USA,78236
1708,Sofia,Young,sofia.young1708@example.com,San Diego,California,USA,92136
1709,Joshua,Hernandez,joshua.hernandez1709@example.com,Dallas,Texas,USA,75236
1710,Victoria,King,victoria.king1710@example.com,San Jose,California,USA,95136
1711,Joseph,Edwards,joseph.edwards1711@example.com,Austin,Texas,USA,73336
1712,Grace,Green,grace.green1712@example.com,Seattle,Washington,USA,98136
1713,Ryan,Adams,ryan.adams1713@example.com,Denver,Colorado,USA,80236
1714,Chloe,Nelson,chloe.nelson1714@example.com,Boston,Massachusetts,USA,2143
1715,Nathan,Baker,nathan.baker1715@example.com,Atlanta,Georgia,USA,30336
1716,Camila,Hall,camila.hall1716@example.com,Miami,Florida,USA,33136
1717,Jacob,Rivera,jacob.rivera1717@example.com,Portland,Oregon,USA,97236
1718,Lily,Campbell,lily.campbell1718@example.com,Las Vegas,Nevada,USA,89136
1719,Logan,Mitchell,logan.mitchell1719@example.com,Detroit,Michigan,USA,48236
1720,Aria,Carter,aria.carter1720@example.com,Minneapolis,Minnesota,USA,55436
1721,John,Smith,john.smith1721@example.com,New York,New York,USA,10037
1722,Emma,Johnson,emma.johnson1722@example.com,Los Angeles,California,USA,90037
1723,Michael,Williams,michael.williams1723@example.com,Chicago,Illinois,USA,60637
1724,Olivia,Brown,olivia.brown1724@example.com,Houston,Texas,USA,77037
1725,James,Jones,james.jones1725@example.com,Phoenix,Arizona,USA,85037
1726,Sophia,Davis,sophia.davis1726@example.com,Philadelphia,Pennsylvania,USA,19137
1727,William,Miller,william.miller1727@example.com,San Antonio,Texas,USA,78237
1728,Ava,Wilson,ava.wilson1728@example.com,San Diego,California,USA,92137
1729,Benjamin,Moore,benjamin.moore1729@example.com,Dallas,Texas,USA,75237
1730,Isabella,Taylor,isabella.taylor1730@example.com,San Jose,California,USA,95137
1731,Daniel,Anderson,daniel.anderson1731@example.com,Austin,Texas,USA,73337
1732,Mia,Thomas,mia.thomas1732@example.com,Seattle,Washington,USA,98137
1733,Henry,Jackson,henry.jackson1733@example.com,Denver,Colorado,USA,80237
1734,Charlotte,White,charlotte.white1734@example.com,Boston,Massachusetts,USA,2144
1735,Alexander,Harris,alexander.harris1735@example.com,Atlanta,Georgia,USA,30337
1736,Amelia,Martin,amelia.martin1736@example.com,Miami,Florida,USA,33137
1737,Matthew,Thompson,matthew.thompson1737@example.com,Portland,Oregon,USA,97237
1738,Harper,Garcia,harper.garcia1738@example.com,Las Vegas,Nevada,USA,89137
1739,David,Martinez,david.martinez1739@example.com,Detroit,Michigan,USA,48237
1740,Evelyn,Robinson,evelyn.robinson1740@example.com,Minneapolis,Minnesota,USA,55437
1741,Joseph,Clark,joseph.clark1741@example.com,New York,New York,USA,10038
1742,Abigail,Rodriguez,abigail.rodriguez1742@example.com,Los Angeles,California,USA,90038
1743,Samuel,Lewis,samuel.lewis1743@example.com,Chicago,Illinois,USA,60638
1744,Emily,Lee,emily.lee1744@example.com,Houston,Texas,USA,77038
1745,Christopher,Walker,christopher.walker1745@example.com,Phoenix,Arizona,USA,85038
1746,Elizabeth,Hall,elizabeth.hall1746@example.com,Philadelphia,Pennsylvania,USA,19138
1747,Andrew,Allen,andrew.allen1747@example.com,San Antonio,Texas,USA,78238
1748,Sofia,Young,sofia.young1748@example.com,San Diego,California,USA,92138
1749,Joshua,Hernandez,joshua.hernandez1749@example.com,Dallas,Texas,USA,75238
1750,Victoria,King,victoria.king1750@example.com,San Jose,California,USA,95138
1751,Joseph,Edwards,joseph.edwards1751@example.com,Austin,Texas,USA,73338
1752,Grace,Green,grace.green1752@example.com,Seattle,Washington,USA,98138
1753,Ryan,Adams,ryan.adams1753@example.com,Denver,Colorado,USA,80238
1754,Chloe,Nelson,chloe.nelson1754@example.com,Boston,Massachusetts,USA,2145
1755,Nathan,Baker,nathan.baker1755@example.com,Atlanta,Georgia,USA,30338
1756,Camila,Hall,camila.hall1756@example.com,Miami,Florida,USA,33138
1757,Jacob,Rivera,jacob.rivera1757@example.com,Portland,Oregon,USA,97238
1758,Lily,Campbell,lily.campbell1758@example.com,Las Vegas,Nevada,USA,89138
1759,Logan,Mitchell,logan.mitchell1759@example.com,Detroit,Michigan,USA,48238
1760,Aria,Carter,aria.carter1760@example.com,Minneapolis,Minnesota,USA,55438
1761,John,Smith,john.smith1761@example.com,New York,New York,USA,10039
1762,Emma,Johnson,emma.johnson1762@example.com,Los Angeles,California,USA,90039
1763,Michael,Williams,michael.williams1763@example.com,Chicago,Illinois,USA,60639
1764,Olivia,Brown,olivia.brown1764@example.com,Houston,Texas,USA,77039
1765,James,Jones,james.jones1765@example.com,Phoenix,Arizona,USA,85039
1766,Sophia,Davis,sophia.davis1766@example.com,Philadelphia,Pennsylvania,USA,19139
1767,William,Miller,william.miller1767@example.com,San Antonio,Texas,USA,78239
1768,Ava,Wilson,ava.wilson1768@example.com,San Diego,California,USA,92139
1769,Benjamin,Moore,benjamin.moore1769@example.com,Dallas,Texas,USA,75239
1770,Isabella,Taylor,isabella.taylor1770@example.com,San Jose,California,USA,95139
1771,Daniel,Anderson,daniel.anderson1771@example.com,Austin,Texas,USA,73339
1772,Mia,Thomas,mia.thomas1772@example.com,Seattle,Washington,USA,98139
1773,Henry,Jackson,henry.jackson1773@example.com,Denver,Colorado,USA,80239
1774,Charlotte,White,charlotte.white1774@example.com,Boston,Massachusetts,USA,2146
1775,Alexander,Harris,alexander.harris1775@example.com,Atlanta,Georgia,USA,30339
1776,Amelia,Martin,amelia.martin1776@example.com,Miami,Florida,USA,33139
1777,Matthew,Thompson,matthew.thompson1777@example.com,Portland,Oregon,USA,97239
1778,Harper,Garcia,harper.garcia1778@example.com,Las Vegas,Nevada,USA,89139
1779,David,Martinez,david.martinez1779@example.com,Detroit,Michigan,USA,48239
1780,Evelyn,Robinson,evelyn.robinson1780@example.com,Minneapolis,Minnesota,USA,55439
1781,Joseph,Clark,joseph.clark1781@example.com,New York,New York,USA,10040
1782,Abigail,Rodriguez,abigail.rodriguez1782@example.com,Los Angeles,California,USA,90040
1783,Samuel,Lewis,samuel.lewis1783@example.com,Chicago,Illinois,USA,60640
1784,Emily,Lee,emily.lee1784@example.com,Houston,Texas,USA,77040
1785,Christopher,Walker,christopher.walker1785@example.com,Phoenix,Arizona,USA,85040
1786,Elizabeth,Hall,elizabeth.hall1786@example.com,Philadelphia,Pennsylvania,USA,19140
1787,Andrew,Allen,andrew.allen1787@example.com,San Antonio,Texas,USA,78240
1788,Sofia,Young,sofia.young1788@example.com,San Diego,California,USA,92140
1789,Joshua,Hernandez,joshua.hernandez1789@example.com,Dallas,Texas,USA,75240
1790,Victoria,King,victoria.king1790@example.com,San Jose,California,USA,95140
1791,Joseph,Edwards,joseph.edwards1791@example.com,Austin,Texas,USA,73340
1792,Grace,Green,grace.green1792@example.com,Seattle,Washington,USA,98140
1793,Ryan,Adams,ryan.adams1793@example.com,Denver,Colorado,USA,80240
1794,Chloe,Nelson,chloe.nelson1794@example.com,Boston,Massachusetts,USA,2147
1795,Nathan,Baker,nathan.baker1795@example.com,Atlanta,Georgia,USA,30340
1796,Camila,Hall,camila.hall1796@example.com,Miami,Florida,USA,33140
1797,Jacob,Rivera,jacob.rivera1797@example.com,Portland,Oregon,USA,97240
1798,Lily,Campbell,lily.campbell1798@example.com,Las Vegas,Nevada,USA,89140
1799,Logan,Mitchell,logan.mitchell1799@example.com,Detroit,Michigan,USA,48240
1800,Aria,Carter,aria.carter1800@example.com,Minneapolis,Minnesota,USA,55440
1801,John,Smith,john.smith1801@example.com,New York,New York,USA,10041
1802,Emma,Johnson,emma.johnson1802@example.com,Los Angeles,California,USA,90041
1803,Michael,Williams,michael.williams1803@example.com,Chicago,Illinois,USA,60641
1804,Olivia,Brown,olivia.brown1804@example.com,Houston,Texas,USA,77041
1805,James,Jones,james.jones1805@example.com,Phoenix,Arizona,USA,85041
1806,Sophia,Davis,sophia.davis1806@example.com,Philadelphia,Pennsylvania,USA,19141
1807,William,Miller,william.miller1807@example.com,San Antonio,Texas,USA,78241
1808,Ava,Wilson,ava.wilson1808@example.com,San Diego,California,USA,92141
1809,Benjamin,Moore,benjamin.moore1809@example.com,Dallas,Texas,USA,75241
1810,Isabella,Taylor,isabella.taylor1810@example.com,San Jose,California,USA,95141
1811,Daniel,Anderson,daniel.anderson1811@example.com,Austin,Texas,USA,73341
1812,Mia,Thomas,mia.thomas1812@example.com,Seattle,Washington,USA,98141
1813,Henry,Jackson,henry.jackson1813@example.com,Denver,Colorado,USA,80241
1814,Charlotte,White,charlotte.white1814@example.com,Boston,Massachusetts,USA,2148
1815,Alexander,Harris,alexander.harris1815@example.com,Atlanta,Georgia,USA,30341
1816,Amelia,Martin,amelia.martin1816@example.com,Miami,Florida,USA,33141
1817,Matthew,Thompson,matthew.thompson1817@example.com,Portland,Oregon,USA,97241
1818,Harper,Garcia,harper.garcia1818@example.com,Las Vegas,Nevada,USA,89141
1819,David,Martinez,david.martinez1819@example.com,Detroit,Michigan,USA,48241
1820,Evelyn,Robinson,evelyn.robinson1820@example.com,Minneapolis,Minnesota,USA,55441
1821,Joseph,Clark,joseph.clark1821@example.com,New York,New York,USA,10042
1822,Abigail,Rodriguez,abigail.rodriguez1822@example.com,Los Angeles,California,USA,90042
1823,Samuel,Lewis,samuel.lewis1823@example.com,Chicago,Illinois,USA,60642
1824,Emily,Lee,emily.lee1824@example.com,Houston,Texas,USA,77042
1825,Christopher,Walker,christopher.walker1825@example.com,Phoenix,Arizona,USA,85042
1826,Elizabeth,Hall,elizabeth.hall1826@example.com,Philadelphia,Pennsylvania,USA,19142
1827,Andrew,Allen,andrew.allen1827@example.com,San Antonio,Texas,USA,78242
1828,Sofia,Young,sofia.young1828@example.com,San Diego,California,USA,92142
1829,Joshua,Hernandez,joshua.hernandez1829@example.com,Dallas,Texas,USA,75242
1830,Victoria,King,victoria.king1830@example.com,San Jose,California,USA,95142
1831,Joseph,Edwards,joseph.edwards1831@example.com,Austin,Texas,USA,73342
1832,Grace,Green,grace.green1832@example.com,Seattle,Washington,USA,98142
1833,Ryan,Adams,ryan.adams1833@example.com,Denver,Colorado,USA,80242
1834,Chloe,Nelson,chloe.nelson1834@example.com,Boston,Massachusetts,USA,2149
1835,Nathan,Baker,nathan.baker1835@example.com,Atlanta,Georgia,USA,30342
1836,Camila,Hall,camila.hall1836@example.com,Miami,Florida,USA,33142
1837,Jacob,Rivera,jacob.rivera1837@example.com,Portland,Oregon,USA,97242
1838,Lily,Campbell,lily.campbell1838@example.com,Las Vegas,Nevada,USA,89142
1839,Logan,Mitchell,logan.mitchell1839@example.com,Detroit,Michigan,USA,48242
1840,Aria,Carter,aria.carter1840@example.com,Minneapolis,Minnesota,USA,55442
1841,John,Smith,john.smith1841@example.com,New York,New York,USA,10043
1842,Emma,Johnson,emma.johnson1842@example.com,Los Angeles,California,USA,90043
1843,Michael,Williams,michael.williams1843@example.com,Chicago,Illinois,USA,60643
1844,Olivia,Brown,olivia.brown1844@example.com,Houston,Texas,USA,77043
1845,James,Jones,james.jones1845@example.com,Phoenix,Arizona,USA,85043
1846,Sophia,Davis,sophia.davis1846@example.com,Philadelphia,Pennsylvania,USA,19143
1847,William,Miller,william.miller1847@example.com,San Antonio,Texas,USA,78243
1848,Ava,Wilson,ava.wilson1848@example.com,San Diego,California,USA,92143
1849,Benjamin,Moore,benjamin.moore1849@example.com,Dallas,Texas,USA,75243
1850,Isabella,Taylor,isabella.taylor1850@example.com,San Jose,California,USA,95143
1851,Daniel,Anderson,daniel.anderson1851@example.com,Austin,Texas,USA,73343
1852,Mia,Thomas,mia.thomas1852@example.com,Seattle,Washington,USA,98143
1853,Henry,Jackson,henry.jackson1853@example.com,Denver,Colorado,USA,80243
1854,Charlotte,White,charlotte.white1854@example.com,Boston,Massachusetts,USA,2150
1855,Alexander,Harris,alexander.harris1855@example.com,Atlanta,Georgia,USA,30343
1856,Amelia,Martin,amelia.martin1856@example.com,Miami,Florida,USA,33143
1857,Matthew,Thompson,matthew.thompson1857@example.com,Portland,Oregon,USA,97243
1858,Harper,Garcia,harper.garcia1858@example.com,Las Vegas,Nevada,USA,89143
1859,David,Martinez,david.martinez1859@example.com,Detroit,Michigan,USA,48243
1860,Evelyn,Robinson,evelyn.robinson1860@example.com,Minneapolis,Minnesota,USA,55443
1861,Joseph,Clark,joseph.clark1861@example.com,New York,New York,USA,10044
1862,Abigail,Rodriguez,abigail.rodriguez1862@example.com,Los Angeles,California,USA,90044
1863,Samuel,Lewis,samuel.lewis1863@example.com,Chicago,Illinois,USA,60644
1864,Emily,Lee,emily.lee1864@example.com,Houston,Texas,USA,77044
1865,Christopher,Walker,christopher.walker1865@example.com,Phoenix,Arizona,USA,85044
1866,Elizabeth,Hall,elizabeth.hall1866@example.com,Philadelphia,Pennsylvania,USA,19144
1867,Andrew,Allen,andrew.allen1867@example.com,San Antonio,Texas,USA,78244
1868,Sofia,Young,sofia.young1868@example.com,San Diego,California,USA,92144
1869,Joshua,Hernandez,joshua.hernandez1869@example.com,Dallas,Texas,USA,75244
1870,Victoria,King,victoria.king1870@example.com,San Jose,California,USA,95144
1871,Joseph,Edwards,joseph.edwards1871@example.com,Austin,Texas,USA,73344
1872,Grace,Green,grace.green1872@example.com,Seattle,Washington,USA,98144
1873,Ryan,Adams,ryan.adams1873@example.com,Denver,Colorado,USA,80244
1874,Chloe,Nelson,chloe.nelson1874@example.com,Boston,Massachusetts,USA,2151
1875,Nathan,Baker,nathan.baker1875@example.com,Atlanta,Georgia,USA,30344
1876,Camila,Hall,camila.hall1876@example.com,Miami,Florida,USA,33144
1877,Jacob,Rivera,jacob.rivera1877@example.com,Portland,Oregon,USA,97244
1878,Lily,Campbell,lily.campbell1878@example.com,Las Vegas,Nevada,USA,89144
1879,Logan,Mitchell,logan.mitchell1879@example.com,Detroit,Michigan,USA,48244
1880,Aria,Carter,aria.carter1880@example.com,Minneapolis,Minnesota,USA,55444
1881,John,Smith,john.smith1881@example.com,New York,New York,USA,10045
1882,Emma,Johnson,emma.johnson1882@example.com,Los Angeles,California,USA,90045
1883,Michael,Williams,michael.williams1883@example.com,Chicago,Illinois,USA,60645
1884,Olivia,Brown,olivia.brown1884@example.com,Houston,Texas,USA,77045
1885,James,Jones,james.jones1885@example.com,Phoenix,Arizona,USA,85045
1886,Sophia,Davis,sophia.davis1886@example.com,Philadelphia,Pennsylvania,USA,19145
1887,William,Miller,william.miller1887@example.com,San Antonio,Texas,USA,78245
1888,Ava,Wilson,ava.wilson1888@example.com,San Diego,California,USA,92145
1889,Benjamin,Moore,benjamin.moore1889@example.com,Dallas,Texas,USA,75245
1890,Isabella,Taylor,isabella.taylor1890@example.com,San Jose,California,USA,95145
1891,Daniel,Anderson,daniel.anderson1891@example.com,Austin,Texas,USA,73345
1892,Mia,Thomas,mia.thomas1892@example.com,Seattle,Washington,USA,98145
1893,Henry,Jackson,henry.jackson1893@example.com,Denver,Colorado,USA,80245
1894,Charlotte,White,charlotte.white1894@example.com,Boston,Massachusetts,USA,2152
1895,Alexander,Harris,alexander.harris1895@example.com,Atlanta,Georgia,USA,30345
1896,Amelia,Martin,amelia.martin1896@example.com,Miami,Florida,USA,33145
1897,Matthew,Thompson,matthew.thompson1897@example.com,Portland,Oregon,USA,97245
1898,Harper,Garcia,harper.garcia1898@example.com,Las Vegas,Nevada,USA,89145
1899,David,Martinez,david.martinez1899@example.com,Detroit,Michigan,USA,48245
1900,Evelyn,Robinson,evelyn.robinson1900@example.com,Minneapolis,Minnesota,USA,55445
1901,Joseph,Clark,joseph.clark1901@example.com,New York,New York,USA,10046
1902,Abigail,Rodriguez,abigail.rodriguez1902@example.com,Los Angeles,California,USA,90046
1903,Samuel,Lewis,samuel.lewis1903@example.com,Chicago,Illinois,USA,60646
1904,Emily,Lee,emily.lee1904@example.com,Houston,Texas,USA,77046
1905,Christopher,Walker,christopher.walker1905@example.com,Phoenix,Arizona,USA,85046
1906,Elizabeth,Hall,elizabeth.hall1906@example.com,Philadelphia,Pennsylvania,USA,19146
1907,Andrew,Allen,andrew.allen1907@example.com,San Antonio,Texas,USA,78246
1908,Sofia,Young,sofia.young1908@example.com,San Diego,California,USA,92146
1909,Joshua,Hernandez,joshua.hernandez1909@example.com,Dallas,Texas,USA,75246
1910,Victoria,King,victoria.king1910@example.com,San Jose,California,USA,95146
1911,Joseph,Edwards,joseph.edwards1911@example.com,Austin,Texas,USA,73346
1912,Grace,Green,grace.green1912@example.com,Seattle,Washington,USA,98146
1913,Ryan,Adams,ryan.adams1913@example.com,Denver,Colorado,USA,80246
1914,Chloe,Nelson,chloe.nelson1914@example.com,Boston,Massachusetts,USA,2153
1915,Nathan,Baker,nathan.baker1915@example.com,Atlanta,Georgia,USA,30346
1916,Camila,Hall,camila.hall1916@example.com,Miami,Florida,USA,33146
1917,Jacob,Rivera,jacob.rivera1917@example.com,Portland,Oregon,USA,97246
1918,Lily,Campbell,lily.campbell1918@example.com,Las Vegas,Nevada,USA,89146
1919,Logan,Mitchell,logan.mitchell1919@example.com,Detroit,Michigan,USA,48246
1920,Aria,Carter,aria.carter1920@example.com,Minneapolis,Minnesota,USA,55446
1921,John,Smith,john.smith1921@example.com,New York,New York,USA,10047
1922,Emma,Johnson,emma.johnson1922@example.com,Los Angeles,California,USA,90047
1923,Michael,Williams,michael.williams1923@example.com,Chicago,Illinois,USA,60647
1924,Olivia,Brown,olivia.brown1924@example.com,Houston,Texas,USA,77047
1925,James,Jones,james.jones1925@example.com,Phoenix,Arizona,USA,85047
1926,Sophia,Davis,sophia.davis1926@example.com,Philadelphia,Pennsylvania,USA,19147
1927,William,Miller,william.miller1927@example.com,San Antonio,Texas,USA,78247
1928,Ava,Wilson,ava.wilson1928@example.com,San Diego,California,USA,92147
1929,Benjamin,Moore,benjamin.moore1929@example.com,Dallas,Texas,USA,75247
1930,Isabella,Taylor,isabella.taylor1930@example.com,San Jose,California,USA,95147
1931,Daniel,Anderson,daniel.anderson1931@example.com,Austin,Texas,USA,73347
1932,Mia,Thomas,mia.thomas1932@example.com,Seattle,Washington,USA,98147
1933,Henry,Jackson,henry.jackson1933@example.com,Denver,Colorado,USA,80247
1934,Charlotte,White,charlotte.white1934@example.com,Boston,Massachusetts,USA,2154
1935,Alexander,Harris,alexander.harris1935@example.com,Atlanta,Georgia,USA,30347
1936,Amelia,Martin,amelia.martin1936@example.com,Miami,Florida,USA,33147
1937,Matthew,Thompson,matthew.thompson1937@example.com,Portland,Oregon,USA,97247
1938,Harper,Garcia,harper.garcia1938@example.com,Las Vegas,Nevada,USA,89147
1939,David,Martinez,david.martinez1939@example.com,Detroit,Michigan,USA,48247
1940,Evelyn,Robinson,evelyn.robinson1940@example.com,Minneapolis,Minnesota,USA,55447
1941,Joseph,Clark,joseph.clark1941@example.com,New York,New York,USA,10048
1942,Abigail,Rodriguez,abigail.rodriguez1942@example.com,Los Angeles,California,USA,90048
1943,Samuel,Lewis,samuel.lewis1943@example.com,Chicago,Illinois,USA,60648
1944,Emily,Lee,emily.lee1944@example.com,Houston,Texas,USA,77048
1945,Christopher,Walker,christopher.walker1945@example.com,Phoenix,Arizona,USA,85048
1946,Elizabeth,Hall,elizabeth.hall1946@example.com,Philadelphia,Pennsylvania,USA,19148
1947,Andrew,Allen,andrew.allen1947@example.com,San Antonio,Texas,USA,78248
1948,Sofia,Young,sofia.young1948@example.com,San Diego,California,USA,92148
1949,Joshua,Hernandez,joshua.hernandez1949@example.com,Dallas,Texas,USA,75248
1950,Victoria,King,victoria.king1950@example.com,San Jose,California,USA,95148
1951,Joseph,Edwards,joseph.edwards1951@example.com,Austin,Texas,USA,73348
1952,Grace,Green,grace.green1952@example.com,Seattle,Washington,USA,98148
1953,Ryan,Adams,ryan.adams1953@example.com,Denver,Colorado,USA,80248
1954,Chloe,Nelson,chloe.nelson1954@example.com,Boston,Massachusetts,USA,2155
1955,Nathan,Baker,nathan.baker1955@example.com,Atlanta,Georgia,USA,30348
1956,Camila,Hall,camila.hall1956@example.com,Miami,Florida,USA,33148
1957,Jacob,Rivera,jacob.rivera1957@example.com,Portland,Oregon,USA,97248
1958,Lily,Campbell,lily.campbell1958@example.com,Las Vegas,Nevada,USA,89148
1959,Logan,Mitchell,logan.mitchell1959@example.com,Detroit,Michigan,USA,48248
1960,Aria,Carter,aria.carter1960@example.com,Minneapolis,Minnesota,USA,55448
1961,John,Smith,john.smith1961@example.com,New York,New York,USA,10049
1962,Emma,Johnson,emma.johnson1962@example.com,Los Angeles,California,USA,90049
1963,Michael,Williams,michael.williams1963@example.com,Chicago,Illinois,USA,60649
1964,Olivia,Brown,olivia.brown1964@example.com,Houston,Texas,USA,77049
1965,James,Jones,james.jones1965@example.com,Phoenix,Arizona,USA,85049
1966,Sophia,Davis,sophia.davis1966@example.com,Philadelphia,Pennsylvania,USA,19149
1967,William,Miller,william.miller1967@example.com,San Antonio,Texas,USA,78249
1968,Ava,Wilson,ava.wilson1968@example.com,San Diego,California,USA,92149
1969,Benjamin,Moore,benjamin.moore1969@example.com,Dallas,Texas,USA,75249
1970,Isabella,Taylor,isabella.taylor1970@example.com,San Jose,California,USA,95149
1971,Daniel,Anderson,daniel.anderson1971@example.com,Austin,Texas,USA,73349
1972,Mia,Thomas,mia.thomas1972@example.com,Seattle,Washington,USA,98149
1973,Henry,Jackson,henry.jackson1973@example.com,Denver,Colorado,USA,80249
1974,Charlotte,White,charlotte.white1974@example.com,Boston,Massachusetts,USA,2156
1975,Alexander,Harris,alexander.harris1975@example.com,Atlanta,Georgia,USA,30349
1976,Amelia,Martin,amelia.martin1976@example.com,Miami,Florida,USA,33149
1977,Matthew,Thompson,matthew.thompson1977@example.com,Portland,Oregon,USA,97249
1978,Harper,Garcia,harper.garcia1978@example.com,Las Vegas,Nevada,USA,89149
1979,David,Martinez,david.martinez1979@example.com,Detroit,Michigan,USA,48249
1980,Evelyn,Robinson,evelyn.robinson1980@example.com,Minneapolis,Minnesota,USA,55449
1981,Joseph,Clark,joseph.clark1981@example.com,New York,New York,USA,10050
1982,Abigail,Rodriguez,abigail.rodriguez1982@example.com,Los Angeles,California,USA,90050
1983,Samuel,Lewis,samuel.lewis1983@example.com,Chicago,Illinois,USA,60650
1984,Emily,Lee,emily.lee1984@example.com,Houston,Texas,USA,77050
1985,Christopher,Walker,christopher.walker1985@example.com,Phoenix,Arizona,USA,85050
1986,Elizabeth,Hall,elizabeth.hall1986@example.com,Philadelphia,Pennsylvania,USA,19150
1987,Andrew,Allen,andrew.allen1987@example.com,San Antonio,Texas,USA,78250
1988,Sofia,Young,sofia.young1988@example.com,San Diego,California,USA,92150
1989,Joshua,Hernandez,joshua.hernandez1989@example.com,Dallas,Texas,USA,75250
1990,Victoria,King,victoria.king1990@example.com,San Jose,California,USA,95150
1991,Joseph,Edwards,joseph.edwards1991@example.com,Austin,Texas,USA,73350
1992,Grace,Green,grace.green1992@example.com,Seattle,Washington,USA,98150
1993,Ryan,Adams,ryan.adams1993@example.com,Denver,Colorado,USA,80250
1994,Chloe,Nelson,chloe.nelson1994@example.com,Boston,Massachusetts,USA,2157
1995,Nathan,Baker,nathan.baker1995@example.com,Atlanta,Georgia,USA,30350
1996,Camila,Hall,camila.hall1996@example.com,Miami,Florida,USA,33150
1997,Jacob,Rivera,jacob.rivera1997@example.com,Portland,Oregon,USA,97250
1998,Lily,Campbell,lily.campbell1998@example.com,Las Vegas,Nevada,USA,89150
1999,Logan,Mitchell,logan.mitchell1999@example.com,Detroit,Michigan,USA,48250
2000,Aria,Carter,aria.carter2000@example.com,Minneapolis,Minnesota,USA,55450
